Model,Accuracy,AUC Score,Precision,Recall,F1 Score,MCC Score
Logistic Regression,0.6610169491525424,0.8143753760634274,0.3245315904139433,0.3183928571428571,0.31738290504829597,0.34341871756968884
Decision Tree,0.4745762711864407,0.5486836857621742,0.24088839670235015,0.2555357142857143,0.23968663594470047,0.15553052289365882
KNN,0.6610169491525424,0.7099511643259138,0.26895238095238094,0.29071428571428576,0.2794029850746268,0.37255238425213144
Naive Bayes,0.3474576271186441,0.6417202586077888,0.2271207430340557,0.2457142857142857,0.19223125564588978,0.19049700455073318
Random Forest,0.6186440677966102,0.7515706705101252,0.24411764705882355,0.26285714285714284,0.2531340805313408,0.28998482746230136
XGBoost,0.6016949152542372,0.8129703256928597,0.24444444444444446,0.26053571428571426,0.252112676056338,0.2774007068909266
